﻿[
  {
    "Id": 1,
    "Titlu": "Don Quijote",
    "Autor": "Miguel de Cervantes",
    "Cantitate": 5,
    "Gen": "Roman"
  },
  {
    "Id": 2,
    "Titlu": "Harry Potter si Piatra Filozofala",
    "Autor": "J.K. Rowling",
    "Cantitate": 10,
    "Gen": "Fantasy"
  },
  {
    "Id": 3,
    "Titlu": "1984",
    "Autor": "George Orwell",
    "Cantitate": 8,
    "Gen": "Distopie"
  },
  {
    "Id": 4,
    "Titlu": "Pe aripile vantului",
    "Autor": "Margaret Mitchell",
    "Cantitate": 3,
    "Gen": "Drama"
  },
  {
    "Id": 5,
    "Titlu": "Mizerabilii",
    "Autor": "Victor Hugo",
    "Cantitate": 12,
    "Gen": "Clasic"
  },
  {
    "Id": 6,
    "Titlu": "Notre-Dame de Paris",
    "Autor": "Victor Hugo",
    "Cantitate": 7,
    "Gen": "Clasic"
  },
  {
    "Id": 7,
    "Titlu": "Fahrenheit 451",
    "Autor": "Ray Bradbury",
    "Cantitate": 6,
    "Gen": "Distopie"
  },
  {
    "Id": 8,
    "Titlu": "Hobbitul",
    "Autor": "J.R.R. Tolkien",
    "Cantitate": 9,
    "Gen": "Fantasy"
  },
  {
    "Id": 9,
    "Titlu": "Animale Fantastice",
    "Autor": "J.K. Rowling",
    "Cantitate": 4,
    "Gen": "Fantasy"
  },
  {
    "Id": 10,
    "Titlu": "Anna Karenina",
    "Autor": "Lev Tolstoi",
    "Cantitate": 5,
    "Gen": "Drama"
  },
  {
    "Id": 11,
    "Titlu": "Maestrul si Margareta",
    "Autor": "Mihail Bulgakov",
    "Cantitate": 4,
    "Gen": "Roman"
  },
  {
    "Id": 12,
    "Titlu": "O mie noua sute optzeci si patru",
    "Autor": "George Orwell",
    "Cantitate": 10,
    "Gen": "Distopie"
  },
  {
    "Id": 13,
    "Titlu": "Mandrie si Prejudecata",
    "Autor": "Jane Austen",
    "Cantitate": 6,
    "Gen": "Clasic"
  },
  {
    "Id": 14,
    "Titlu": "Emma",
    "Autor": "Jane Austen",
    "Cantitate": 4,
    "Gen": "Clasic"
  },
  {
    "Id": 15,
    "Titlu": "Razboi si Pace",
    "Autor": "Lev Tolstoi",
    "Cantitate": 3,
    "Gen": "Drama"
  },
  {
    "Id": 16,
    "Titlu": "Singur pe lume",
    "Autor": "Hector Malot",
    "Cantitate": 5,
    "Gen": "Roman"
  },
  {
    "Id": 17,
    "Titlu": "Fratii Karamazov",
    "Autor": "F.M. Dostoievski",
    "Cantitate": 6,
    "Gen": "Drama"
  },
  {
    "Id": 18,
    "Titlu": "Crima si pedeapsa",
    "Autor": "F.M. Dostoievski",
    "Cantitate": 7,
    "Gen": "Drama"
  },
  {
    "Id": 19,
    "Titlu": "Silmarillion",
    "Autor": "J.R.R. Tolkien",
    "Cantitate": 3,
    "Gen": "Fantasy"
  },
  {
    "Id": 20,
    "Titlu": "Ciuleandra",
    "Autor": "Liviu Rebreanu",
    "Cantitate": 4,
    "Gen": "Roman"
  },
  {
    "Id": 21,
    "Titlu": "De veghe in lanul de secara",
    "Autor": "J.D. Salinger",
    "Cantitate": 4,
    "Gen": "Roman"
  },
  {
    "Id": 22,
    "Titlu": "Procesul",
    "Autor": "Franz Kafka",
    "Cantitate": 5,
    "Gen": "Clasic"
  },
  {
    "Id": 23,
    "Titlu": "Castelul",
    "Autor": "Franz Kafka",
    "Cantitate": 3,
    "Gen": "Clasic"
  },
  {
    "Id": 24,
    "Titlu": "Viata lui Pi",
    "Autor": "Yann Martel",
    "Cantitate": 6,
    "Gen": "Aventura"
  },
  {
    "Id": 25,
    "Titlu": "Alchimistul",
    "Autor": "Paulo Coelho",
    "Cantitate": 10,
    "Gen": "Filosofic"
  },
  {
    "Id": 26,
    "Titlu": "Veronika se hotaraste sa moara",
    "Autor": "Paulo Coelho",
    "Cantitate": 7,
    "Gen": "Filosofic"
  },
  {
    "Id": 27,
    "Titlu": "Insuportabila usuratate a fiintei",
    "Autor": "Milan Kundera",
    "Cantitate": 4,
    "Gen": "Drama"
  },
  {
    "Id": 28,
    "Titlu": "Orbirea",
    "Autor": "Jose Saramago",
    "Cantitate": 6,
    "Gen": "Distopie"
  },
  {
    "Id": 29,
    "Titlu": "Toate pasarile cerului",
    "Autor": "Charlie Jane Anders",
    "Cantitate": 5,
    "Gen": "Fantasy"
  },
  {
    "Id": 30,
    "Titlu": "Numele trandafirului",
    "Autor": "Umberto Eco",
    "Cantitate": 4,
    "Gen": "Detectiv"
  },
  {
    "Id": 31,
    "Titlu": "Codul lui Da Vinci",
    "Autor": "Dan Brown",
    "Cantitate": 9,
    "Gen": "Detectiv"
  },
  {
    "Id": 32,
    "Titlu": "Ingeri si demoni",
    "Autor": "Dan Brown",
    "Cantitate": 8,
    "Gen": "Detectiv"
  },
  {
    "Id": 33,
    "Titlu": "Shining",
    "Autor": "Stephen King",
    "Cantitate": 7,
    "Gen": "Horror"
  },
  {
    "Id": 34,
    "Titlu": "Cimitirul animalelor",
    "Autor": "Stephen King",
    "Cantitate": 5,
    "Gen": "Horror"
  },
  {
    "Id": 35,
    "Titlu": "Doctor Sleep",
    "Autor": "Stephen King",
    "Cantitate": 4,
    "Gen": "Horror"
  },
  {
    "Id": 36,
    "Titlu": "Metro 2033",
    "Autor": "Dmitry Glukhovsky",
    "Cantitate": 6,
    "Gen": "Distopie"
  },
  {
    "Id": 37,
    "Titlu": "Metro 2034",
    "Autor": "Dmitry Glukhovsky",
    "Cantitate": 5,
    "Gen": "Distopie"
  },
  {
    "Id": 38,
    "Titlu": "Metro 2035",
    "Autor": "Dmitry Glukhovsky",
    "Cantitate": 5,
    "Gen": "Distopie"
  },
  {
    "Id": 39,
    "Titlu": "Calea regilor",
    "Autor": "Brandon Sanderson",
    "Cantitate": 7,
    "Gen": "Fantasy"
  },
  {
    "Id": 40,
    "Titlu": "Jocul lui Ender",
    "Autor": "Orson Scott Card",
    "Cantitate": 6,
    "Gen": "SF"
  }
]
